<?xml version="1.0" encoding="UTF-8"?>
<!DOCTYPE mapper PUBLIC "-//mybatis.org//DTD Mapper 3.0//EN" "http://mybatis.org/dtd/mybatis-3-mapper.dtd">
<mapper namespace="com.lzy.jshow.mapper.PermissionMapper">
  <resultMap id="BaseResultMap" type="com.lzy.jshow.entity.Permission">
    <!--
      WARNING - @mbg.generated
      This element is automatically generated by MyBatis Generator, do not modify.
      This element was generated on Sat May 24 11:12:43 HKT 2025.
    -->
    <id column="id" jdbcType="BIGINT" property="id" />
    <result column="perm_name" jdbcType="VARCHAR" property="permName" />
    <result column="perm_code" jdbcType="VARCHAR" property="permCode" />
    <result column="description" jdbcType="VARCHAR" property="description" />
    <result column="perm_type" jdbcType="TINYINT" property="permType" />
    <result column="parent_id" jdbcType="BIGINT" property="parentId" />
    <result column="create_time" jdbcType="TIMESTAMP" property="createTime" />
    <result column="update_time" jdbcType="TIMESTAMP" property="updateTime" />
  </resultMap>
  <sql id="Example_Where_Clause">
    <!--
      WARNING - @mbg.generated
      This element is automatically generated by MyBatis Generator, do not modify.
      This element was generated on Sat May 24 11:12:43 HKT 2025.
    -->
    <where>
      <foreach collection="oredCriteria" item="criteria" separator="or">
        <if test="criteria.valid">
          <trim prefix="(" prefixOverrides="and" suffix=")">
            <foreach collection="criteria.criteria" item="criterion">
              <choose>
                <when test="criterion.noValue">
                  and ${criterion.condition}
                </when>
                <when test="criterion.singleValue">
                  and ${criterion.condition} #{criterion.value}
                </when>
                <when test="criterion.betweenValue">
                  and ${criterion.condition} #{criterion.value} and #{criterion.secondValue}
                </when>
                <when test="criterion.listValue">
                  and ${criterion.condition}
                  <foreach close=")" collection="criterion.value" item="listItem" open="(" separator=",">
                    #{listItem}
                  </foreach>
                </when>
              </choose>
            </foreach>
          </trim>
        </if>
      </foreach>
    </where>
  </sql>
  <sql id="Update_By_Example_Where_Clause">
    <!--
      WARNING - @mbg.generated
      This element is automatically generated by MyBatis Generator, do not modify.
      This element was generated on Sat May 24 11:12:43 HKT 2025.
    -->
    <where>
      <foreach collection="example.oredCriteria" item="criteria" separator="or">
        <if test="criteria.valid">
          <trim prefix="(" prefixOverrides="and" suffix=")">
            <foreach collection="criteria.criteria" item="criterion">
              <choose>
                <when test="criterion.noValue">
                  and ${criterion.condition}
                </when>
                <when test="criterion.singleValue">
                  and ${criterion.condition} #{criterion.value}
                </when>
                <when test="criterion.betweenValue">
                  and ${criterion.condition} #{criterion.value} and #{criterion.secondValue}
                </when>
                <when test="criterion.listValue">
                  and ${criterion.condition}
                  <foreach close=")" collection="criterion.value" item="listItem" open="(" separator=",">
                    #{listItem}
                  </foreach>
                </when>
              </choose>
            </foreach>
          </trim>
        </if>
      </foreach>
    </where>
  </sql>
  <sql id="Base_Column_List">
    <!--
      WARNING - @mbg.generated
      This element is automatically generated by MyBatis Generator, do not modify.
      This element was generated on Sat May 24 11:12:43 HKT 2025.
    -->
    id, perm_name, perm_code, description, perm_type, parent_id, create_time, update_time
  </sql>
  <select id="selectByExample" parameterType="com.lzy.jshow.entity.PermissionExample" resultMap="BaseResultMap">
    <!--
      WARNING - @mbg.generated
      This element is automatically generated by MyBatis Generator, do not modify.
      This element was generated on Sat May 24 11:12:43 HKT 2025.
    -->
    select
    <if test="distinct">
      distinct
    </if>
    <include refid="Base_Column_List" />
    from permission
    <if test="_parameter != null">
      <include refid="Example_Where_Clause" />
    </if>
    <if test="orderByClause != null">
      order by ${orderByClause}
    </if>
  </select>
  <select id="selectByPrimaryKey" parameterType="java.lang.Long" resultMap="BaseResultMap">
    <!--
      WARNING - @mbg.generated
      This element is automatically generated by MyBatis Generator, do not modify.
      This element was generated on Sat May 24 11:12:43 HKT 2025.
    -->
    select 
    <include refid="Base_Column_List" />
    from permission
    where id = #{id,jdbcType=BIGINT}
  </select>
  <delete id="deleteByPrimaryKey" parameterType="java.lang.Long">
    <!--
      WARNING - @mbg.generated
      This element is automatically generated by MyBatis Generator, do not modify.
      This element was generated on Sat May 24 11:12:43 HKT 2025.
    -->
    delete from permission
    where id = #{id,jdbcType=BIGINT}
  </delete>
  <delete id="deleteByExample" parameterType="com.lzy.jshow.entity.PermissionExample">
    <!--
      WARNING - @mbg.generated
      This element is automatically generated by MyBatis Generator, do not modify.
      This element was generated on Sat May 24 11:12:43 HKT 2025.
    -->
    delete from permission
    <if test="_parameter != null">
      <include refid="Example_Where_Clause" />
    </if>
  </delete>
  <insert id="insert" parameterType="com.lzy.jshow.entity.Permission">
    <!--
      WARNING - @mbg.generated
      This element is automatically generated by MyBatis Generator, do not modify.
      This element was generated on Sat May 24 11:12:43 HKT 2025.
    -->
    <selectKey keyProperty="id" order="AFTER" resultType="java.lang.Long">
      SELECT LAST_INSERT_ID()
    </selectKey>
    insert into permission (perm_name, perm_code, description, 
      perm_type, parent_id, create_time, 
      update_time)
    values (#{permName,jdbcType=VARCHAR}, #{permCode,jdbcType=VARCHAR}, #{description,jdbcType=VARCHAR}, 
      #{permType,jdbcType=TINYINT}, #{parentId,jdbcType=BIGINT}, #{createTime,jdbcType=TIMESTAMP}, 
      #{updateTime,jdbcType=TIMESTAMP})
  </insert>
  <insert id="insertSelective" parameterType="com.lzy.jshow.entity.Permission">
    <!--
      WARNING - @mbg.generated
      This element is automatically generated by MyBatis Generator, do not modify.
      This element was generated on Sat May 24 11:12:43 HKT 2025.
    -->
    <selectKey keyProperty="id" order="AFTER" resultType="java.lang.Long">
      SELECT LAST_INSERT_ID()
    </selectKey>
    insert into permission
    <trim prefix="(" suffix=")" suffixOverrides=",">
      <if test="permName != null">
        perm_name,
      </if>
      <if test="permCode != null">
        perm_code,
      </if>
      <if test="description != null">
        description,
      </if>
      <if test="permType != null">
        perm_type,
      </if>
      <if test="parentId != null">
        parent_id,
      </if>
      <if test="createTime != null">
        create_time,
      </if>
      <if test="updateTime != null">
        update_time,
      </if>
    </trim>
    <trim prefix="values (" suffix=")" suffixOverrides=",">
      <if test="permName != null">
        #{permName,jdbcType=VARCHAR},
      </if>
      <if test="permCode != null">
        #{permCode,jdbcType=VARCHAR},
      </if>
      <if test="description != null">
        #{description,jdbcType=VARCHAR},
      </if>
      <if test="permType != null">
        #{permType,jdbcType=TINYINT},
      </if>
      <if test="parentId != null">
        #{parentId,jdbcType=BIGINT},
      </if>
      <if test="createTime != null">
        #{createTime,jdbcType=TIMESTAMP},
      </if>
      <if test="updateTime != null">
        #{updateTime,jdbcType=TIMESTAMP},
      </if>
    </trim>
  </insert>
  <select id="countByExample" parameterType="com.lzy.jshow.entity.PermissionExample" resultType="java.lang.Long">
    <!--
      WARNING - @mbg.generated
      This element is automatically generated by MyBatis Generator, do not modify.
      This element was generated on Sat May 24 11:12:43 HKT 2025.
    -->
    select count(*) from permission
    <if test="_parameter != null">
      <include refid="Example_Where_Clause" />
    </if>
  </select>
  <update id="updateByExampleSelective" parameterType="map">
    <!--
      WARNING - @mbg.generated
      This element is automatically generated by MyBatis Generator, do not modify.
      This element was generated on Sat May 24 11:12:43 HKT 2025.
    -->
    update permission
    <set>
      <if test="row.id != null">
        id = #{row.id,jdbcType=BIGINT},
      </if>
      <if test="row.permName != null">
        perm_name = #{row.permName,jdbcType=VARCHAR},
      </if>
      <if test="row.permCode != null">
        perm_code = #{row.permCode,jdbcType=VARCHAR},
      </if>
      <if test="row.description != null">
        description = #{row.description,jdbcType=VARCHAR},
      </if>
      <if test="row.permType != null">
        perm_type = #{row.permType,jdbcType=TINYINT},
      </if>
      <if test="row.parentId != null">
        parent_id = #{row.parentId,jdbcType=BIGINT},
      </if>
      <if test="row.createTime != null">
        create_time = #{row.createTime,jdbcType=TIMESTAMP},
      </if>
      <if test="row.updateTime != null">
        update_time = #{row.updateTime,jdbcType=TIMESTAMP},
      </if>
    </set>
    <if test="example != null">
      <include refid="Update_By_Example_Where_Clause" />
    </if>
  </update>
  <update id="updateByExample" parameterType="map">
    <!--
      WARNING - @mbg.generated
      This element is automatically generated by MyBatis Generator, do not modify.
      This element was generated on Sat May 24 11:12:43 HKT 2025.
    -->
    update permission
    set id = #{row.id,jdbcType=BIGINT},
      perm_name = #{row.permName,jdbcType=VARCHAR},
      perm_code = #{row.permCode,jdbcType=VARCHAR},
      description = #{row.description,jdbcType=VARCHAR},
      perm_type = #{row.permType,jdbcType=TINYINT},
      parent_id = #{row.parentId,jdbcType=BIGINT},
      create_time = #{row.createTime,jdbcType=TIMESTAMP},
      update_time = #{row.updateTime,jdbcType=TIMESTAMP}
    <if test="example != null">
      <include refid="Update_By_Example_Where_Clause" />
    </if>
  </update>
  <update id="updateByPrimaryKeySelective" parameterType="com.lzy.jshow.entity.Permission">
    <!--
      WARNING - @mbg.generated
      This element is automatically generated by MyBatis Generator, do not modify.
      This element was generated on Sat May 24 11:12:43 HKT 2025.
    -->
    update permission
    <set>
      <if test="permName != null">
        perm_name = #{permName,jdbcType=VARCHAR},
      </if>
      <if test="permCode != null">
        perm_code = #{permCode,jdbcType=VARCHAR},
      </if>
      <if test="description != null">
        description = #{description,jdbcType=VARCHAR},
      </if>
      <if test="permType != null">
        perm_type = #{permType,jdbcType=TINYINT},
      </if>
      <if test="parentId != null">
        parent_id = #{parentId,jdbcType=BIGINT},
      </if>
      <if test="createTime != null">
        create_time = #{createTime,jdbcType=TIMESTAMP},
      </if>
      <if test="updateTime != null">
        update_time = #{updateTime,jdbcType=TIMESTAMP},
      </if>
    </set>
    where id = #{id,jdbcType=BIGINT}
  </update>
  <update id="updateByPrimaryKey" parameterType="com.lzy.jshow.entity.Permission">
    <!--
      WARNING - @mbg.generated
      This element is automatically generated by MyBatis Generator, do not modify.
      This element was generated on Sat May 24 11:12:43 HKT 2025.
    -->
    update permission
    set perm_name = #{permName,jdbcType=VARCHAR},
      perm_code = #{permCode,jdbcType=VARCHAR},
      description = #{description,jdbcType=VARCHAR},
      perm_type = #{permType,jdbcType=TINYINT},
      parent_id = #{parentId,jdbcType=BIGINT},
      create_time = #{createTime,jdbcType=TIMESTAMP},
      update_time = #{updateTime,jdbcType=TIMESTAMP}
    where id = #{id,jdbcType=BIGINT}
  </update>
</mapper>